{"mean":{"confidence_interval":{"confidence_level":0.95,"lower_bound":-0.01798189967356632,"upper_bound":-0.004615170745381566},"point_estimate":-0.010879964538874742,"standard_error":0.0033992084430622383},"median":{"confidence_interval":{"confidence_level":0.95,"lower_bound":-0.01766168376865429,"upper_bound":-0.0033011464199462484},"point_estimate":-0.011439524343863972,"standard_error":0.0038166148259911126}}