{"mean":{"confidence_interval":{"confidence_level":0.95,"lower_bound":0.001658494365989977,"upper_bound":0.010525064461055883},"point_estimate":0.005500745365423221,"standard_error":0.0023096300521299466},"median":{"confidence_interval":{"confidence_level":0.95,"lower_bound":-0.0005662002856945403,"upper_bound":0.0055358992917731165},"point_estimate":0.0036171901475021695,"standard_error":0.0015358343492127553}}