{"mean":{"confidence_interval":{"confidence_level":0.95,"lower_bound":-0.16237927739628388,"upper_bound":-0.12751697952578522},"point_estimate":-0.1462289441753416,"standard_error":0.008959101780415682},"median":{"confidence_interval":{"confidence_level":0.95,"lower_bound":-0.16620269847092883,"upper_bound":-0.12136864825291516},"point_estimate":-0.1473250989806011,"standard_error":0.010967854342496688}}