{"mean":{"confidence_interval":{"confidence_level":0.95,"lower_bound":-0.007531213738076877,"upper_bound":0.01104317967475448},"point_estimate":0.0015931361372549802,"standard_error":0.00473981297503626},"median":{"confidence_interval":{"confidence_level":0.95,"lower_bound":-0.014671400875291951,"upper_bound":0.005138576037457376},"point_estimate":-0.002299878597097682,"standard_error":0.005444939107113024}}