{"mean":{"confidence_interval":{"confidence_level":0.95,"lower_bound":-0.010682708514768439,"upper_bound":-0.0006797787390125177},"point_estimate":-0.005308913787784086,"standard_error":0.0025648087031302407},"median":{"confidence_interval":{"confidence_level":0.95,"lower_bound":-0.011780411139921454,"upper_bound":-0.0006145901023570932},"point_estimate":-0.006206378750794328,"standard_error":0.00282497876957991}}