{"mean":{"confidence_interval":{"confidence_level":0.95,"lower_bound":0.05287269952320753,"upper_bound":0.08682691903927868},"point_estimate":0.06990134968579187,"standard_error":0.008669819000438906},"median":{"confidence_interval":{"confidence_level":0.95,"lower_bound":0.05712154977171102,"upper_bound":0.09012999842909042},"point_estimate":0.07185925268910176,"standard_error":0.00864700688098627}}