{"mean":{"confidence_interval":{"confidence_level":0.95,"lower_bound":127.90115021743928,"upper_bound":130.73795616486288},"point_estimate":129.32836050138079,"standard_error":0.7262883550942133},"median":{"confidence_interval":{"confidence_level":0.95,"lower_bound":127.91282514591852,"upper_bound":130.83545833678897},"point_estimate":129.38469538973908,"standard_error":0.8380939587993543},"median_abs_dev":{"confidence_interval":{"confidence_level":0.95,"lower_bound":6.135091297834596,"upper_bound":9.703495887702685},"point_estimate":8.116012439241556,"standard_error":0.9069671642980143},"slope":{"confidence_interval":{"confidence_level":0.95,"lower_bound":125.31108397968482,"upper_bound":127.90236418298414},"point_estimate":126.61341895069584,"standard_error":0.6625768842755241},"std_dev":{"confidence_interval":{"confidence_level":0.95,"lower_bound":6.360063484718548,"upper_bound":8.11651432952213},"point_estimate":7.2873792416454055,"standard_error":0.447725387475397}}