{"mean":{"confidence_interval":{"confidence_level":0.95,"lower_bound":-0.1646459749946853,"upper_bound":-0.10720717391445617},"point_estimate":-0.13835075819387876,"standard_error":0.014612511277776753},"median":{"confidence_interval":{"confidence_level":0.95,"lower_bound":-0.1606148020631991,"upper_bound":-0.09718391423588779},"point_estimate":-0.13394131033690448,"standard_error":0.014868935807309754}}