{"mean":{"confidence_interval":{"confidence_level":0.95,"lower_bound":0.05162146070632482,"upper_bound":0.15148367431536205},"point_estimate":0.0985425878129833,"standard_error":0.025481482250211098},"median":{"confidence_interval":{"confidence_level":0.95,"lower_bound":0.08119784900189808,"upper_bound":0.20553082740018658},"point_estimate":0.1450290399836769,"standard_error":0.03242663208564919}}