{"mean":{"confidence_interval":{"confidence_level":0.95,"lower_bound":0.0035302841570825543,"upper_bound":0.055244479461463825},"point_estimate":0.031216132354584536,"standard_error":0.013108847283019441},"median":{"confidence_interval":{"confidence_level":0.95,"lower_bound":-0.006609941281787379,"upper_bound":0.02504071364979742},"point_estimate":0.005980563657826288,"standard_error":0.00826857411967857}}