{"mean":{"confidence_interval":{"confidence_level":0.95,"lower_bound":-0.038151267305180654,"upper_bound":0.06355388198564219},"point_estimate":0.010865427634363822,"standard_error":0.02570406120309028},"median":{"confidence_interval":{"confidence_level":0.95,"lower_bound":-0.0384623677043503,"upper_bound":0.022582428094476636},"point_estimate":-0.019545441294793298,"standard_error":0.01630535488291792}}