{"mean":{"confidence_interval":{"confidence_level":0.95,"lower_bound":0.042115889904127846,"upper_bound":0.09496921012639413},"point_estimate":0.06898849062146661,"standard_error":0.013534674804079268},"median":{"confidence_interval":{"confidence_level":0.95,"lower_bound":0.02566049547507787,"upper_bound":0.10757344769369226},"point_estimate":0.05924248492387085,"standard_error":0.020688240867997258}}