{"mean":{"confidence_interval":{"confidence_level":0.95,"lower_bound":-0.14181171689206434,"upper_bound":-0.05880181904437304},"point_estimate":-0.10196020481952983,"standard_error":0.02108041463559204},"median":{"confidence_interval":{"confidence_level":0.95,"lower_bound":-0.16677483681886385,"upper_bound":-0.042582225335839774},"point_estimate":-0.11203431440171918,"standard_error":0.030663294551514363}}