{"mean":{"confidence_interval":{"confidence_level":0.95,"lower_bound":0.057958990012441904,"upper_bound":0.10306283054763736},"point_estimate":0.08017657749221763,"standard_error":0.011488788457967691},"median":{"confidence_interval":{"confidence_level":0.95,"lower_bound":0.061132325135394794,"upper_bound":0.10903478381467102},"point_estimate":0.08561632264249397,"standard_error":0.012955249993553727}}